{
  "project_info": {
    "project_number": "736224937808",
    "firebase_url": "https://wmcdb-14.firebaseio.com",
    "project_id": "wmcdb-14",
    "storage_bucket": "wmcdb-14.appspot.com"
  },
  "client": [
    {
      "client_info": {
        "mobilesdk_app_id": "1:736224937808:android:b45a437756f39adc",
        "android_client_info": {
          "package_name": "com.example.android.watch_me_consume"
        }
      },
      "oauth_client": [
        {
          "client_id": "736224937808-dldrsbunds2aq7f1avbi2daahano9dll.apps.googleusercontent.com",
          "client_type": 1,
          "android_info": {
            "package_name": "com.example.android.watch_me_consume",
            "certificate_hash": "5c94090c27810267c5666f6c0b37189e868c6279"
          }
        },
        {
          "client_id": "736224937808-ctrggc087dluqneb1vjsr77rjdk2lvjr.apps.googleusercontent.com",
          "client_type": 3
        }
      ],
      "api_key": [
        {
          "current_key": "AIzaSyCWNg6py5M0K_svL3agb11WQglXkDlHIkw"
        }
      ],
      "services": {
        "analytics_service": {
          "status": 1
        },
        "appinvite_service": {
          "status": 2,
          "other_platform_oauth_client": [
            {
              "client_id": "736224937808-ctrggc087dluqneb1vjsr77rjdk2lvjr.apps.googleusercontent.com",
              "client_type": 3
            }
          ]
        },
        "ads_service": {
          "status": 2
        }
      }
    }
  ],
  "configuration_version": "1"
}